old_number,new_number,old_node_id,new_node_id,url
1655,1,I_kwDOQaqpuM8AAAABLSfiDw,I_kwDOVCZOp88AAAABWIJvZA,https://github.com/Garblesnarff/infinite-realms-app/issues/1
1657,2,I_kwDOQaqpuM8AAAABLSf_PA,I_kwDOVCZOp88AAAABWIJxjA,https://github.com/Garblesnarff/infinite-realms-app/issues/2
1670,3,I_kwDOQaqpuM8AAAABLcpjBA,I_kwDOVCZOp88AAAABWIJzzQ,https://github.com/Garblesnarff/infinite-realms-app/issues/3
1672,4,I_kwDOQaqpuM8AAAABLcpvPg,I_kwDOVCZOp88AAAABWIJ2kQ,https://github.com/Garblesnarff/infinite-realms-app/issues/4
1697,5,I_kwDOQaqpuM8AAAABMFzfkA,I_kwDOVCZOp88AAAABWIJ5MA,https://github.com/Garblesnarff/infinite-realms-app/issues/5
1703,6,I_kwDOQaqpuM8AAAABMPo-Kg,I_kwDOVCZOp88AAAABWIJ7qw,https://github.com/Garblesnarff/infinite-realms-app/issues/6
1704,7,I_kwDOQaqpuM8AAAABMPo_Lg,I_kwDOVCZOp88AAAABWIJ-Og,https://github.com/Garblesnarff/infinite-realms-app/issues/7
1705,8,I_kwDOQaqpuM8AAAABMPo_zQ,I_kwDOVCZOp88AAAABWIKAwg,https://github.com/Garblesnarff/infinite-realms-app/issues/8
1706,9,I_kwDOQaqpuM8AAAABMPpAXg,I_kwDOVCZOp88AAAABWIKC8g,https://github.com/Garblesnarff/infinite-realms-app/issues/9
1751,10,I_kwDOQaqpuM8AAAABMZb4Xg,I_kwDOVCZOp88AAAABWIKFPQ,https://github.com/Garblesnarff/infinite-realms-app/issues/10
1797,11,I_kwDOQaqpuM8AAAABMuHH4g,I_kwDOVCZOp88AAAABWIKHWQ,https://github.com/Garblesnarff/infinite-realms-app/issues/11
1798,12,I_kwDOQaqpuM8AAAABMuHOtw,I_kwDOVCZOp88AAAABWIKJnQ,https://github.com/Garblesnarff/infinite-realms-app/issues/12
1799,13,I_kwDOQaqpuM8AAAABMuHWLA,I_kwDOVCZOp88AAAABWIKL2A,https://github.com/Garblesnarff/infinite-realms-app/issues/13
1814,14,I_kwDOQaqpuM8AAAABMzO5PA,I_kwDOVCZOp88AAAABWIKN_g,https://github.com/Garblesnarff/infinite-realms-app/issues/14
1823,15,I_kwDOQaqpuM8AAAABM2llGQ,I_kwDOVCZOp88AAAABWIKQaA,https://github.com/Garblesnarff/infinite-realms-app/issues/15
1824,16,I_kwDOQaqpuM8AAAABM2mnAg,I_kwDOVCZOp88AAAABWIKSdA,https://github.com/Garblesnarff/infinite-realms-app/issues/16
1826,17,I_kwDOQaqpuM8AAAABM2v2yw,I_kwDOVCZOp88AAAABWIKVMQ,https://github.com/Garblesnarff/infinite-realms-app/issues/17
2731,18,I_kwDOQaqpuM8AAAABWAfvdg,I_kwDOVCZOp88AAAABWIKXgA,https://github.com/Garblesnarff/infinite-realms-app/issues/18
1867,19,I_kwDOQaqpuM8AAAABNaG6yw,I_kwDOVCZOp88AAAABWIKZtw,https://github.com/Garblesnarff/infinite-realms-app/issues/19
1873,20,I_kwDOQaqpuM8AAAABNbKIqQ,I_kwDOVCZOp88AAAABWIKddA,https://github.com/Garblesnarff/infinite-realms-app/issues/20
1882,21,I_kwDOQaqpuM8AAAABNlzuFg,I_kwDOVCZOp88AAAABWIKgKw,https://github.com/Garblesnarff/infinite-realms-app/issues/21
1884,22,I_kwDOQaqpuM8AAAABNwA87Q,I_kwDOVCZOp88AAAABWIKi1w,https://github.com/Garblesnarff/infinite-realms-app/issues/22
1894,23,I_kwDOQaqpuM8AAAABOGqQGA,I_kwDOVCZOp88AAAABWIKl-w,https://github.com/Garblesnarff/infinite-realms-app/issues/23
1895,24,I_kwDOQaqpuM8AAAABOGtuGg,I_kwDOVCZOp88AAAABWIKoCw,https://github.com/Garblesnarff/infinite-realms-app/issues/24
1913,25,I_kwDOQaqpuM8AAAABOWCe7A,I_kwDOVCZOp88AAAABWIKqXg,https://github.com/Garblesnarff/infinite-realms-app/issues/25
1938,26,I_kwDOQaqpuM8AAAABO0_LsQ,I_kwDOVCZOp88AAAABWIKs6A,https://github.com/Garblesnarff/infinite-realms-app/issues/26
1958,27,I_kwDOQaqpuM8AAAABO_nG4g,I_kwDOVCZOp88AAAABWIKvIQ,https://github.com/Garblesnarff/infinite-realms-app/issues/27
1968,28,I_kwDOQaqpuM8AAAABPzTM6Q,I_kwDOVCZOp88AAAABWIKxlQ,https://github.com/Garblesnarff/infinite-realms-app/issues/28
1970,29,I_kwDOQaqpuM8AAAABP4NYXA,I_kwDOVCZOp88AAAABWIKzww,https://github.com/Garblesnarff/infinite-realms-app/issues/29
1976,30,I_kwDOQaqpuM8AAAABP6NEPQ,I_kwDOVCZOp88AAAABWIK1xw,https://github.com/Garblesnarff/infinite-realms-app/issues/30
1977,31,I_kwDOQaqpuM8AAAABP6NKGw,I_kwDOVCZOp88AAAABWIK37A,https://github.com/Garblesnarff/infinite-realms-app/issues/31
1978,32,I_kwDOQaqpuM8AAAABP6NMmA,I_kwDOVCZOp88AAAABWIK6ag,https://github.com/Garblesnarff/infinite-realms-app/issues/32
1984,33,I_kwDOQaqpuM8AAAABQGLncQ,I_kwDOVCZOp88AAAABWIK8oQ,https://github.com/Garblesnarff/infinite-realms-app/issues/33
1985,34,I_kwDOQaqpuM8AAAABQGLtIg,I_kwDOVCZOp88AAAABWIK-0w,https://github.com/Garblesnarff/infinite-realms-app/issues/34
1994,35,I_kwDOQaqpuM8AAAABQjgdxw,I_kwDOVCZOp88AAAABWILBIg,https://github.com/Garblesnarff/infinite-realms-app/issues/35
1995,36,I_kwDOQaqpuM8AAAABQjhOWQ,I_kwDOVCZOp88AAAABWILDmw,https://github.com/Garblesnarff/infinite-realms-app/issues/36
1999,37,I_kwDOQaqpuM8AAAABQ-hyWA,I_kwDOVCZOp88AAAABWILF2Q,https://github.com/Garblesnarff/infinite-realms-app/issues/37
2004,38,I_kwDOQaqpuM8AAAABRBcwHg,I_kwDOVCZOp88AAAABWILIQg,https://github.com/Garblesnarff/infinite-realms-app/issues/38
2013,39,I_kwDOQaqpuM8AAAABRH9wOA,I_kwDOVCZOp88AAAABWILKPA,https://github.com/Garblesnarff/infinite-realms-app/issues/39
2019,40,I_kwDOQaqpuM8AAAABRIY74w,I_kwDOVCZOp88AAAABWILMCQ,https://github.com/Garblesnarff/infinite-realms-app/issues/40
2020,41,I_kwDOQaqpuM8AAAABRIZxTA,I_kwDOVCZOp88AAAABWILOIw,https://github.com/Garblesnarff/infinite-realms-app/issues/41
2040,42,I_kwDOQaqpuM8AAAABRZ__dQ,I_kwDOVCZOp88AAAABWILQPQ,https://github.com/Garblesnarff/infinite-realms-app/issues/42
2043,43,I_kwDOQaqpuM8AAAABRbJ-Bw,I_kwDOVCZOp88AAAABWILSkg,https://github.com/Garblesnarff/infinite-realms-app/issues/43
2046,44,I_kwDOQaqpuM8AAAABRcLyvw,I_kwDOVCZOp88AAAABWILUwQ,https://github.com/Garblesnarff/infinite-realms-app/issues/44
2057,45,I_kwDOQaqpuM8AAAABRglupA,I_kwDOVCZOp88AAAABWILXLQ,https://github.com/Garblesnarff/infinite-realms-app/issues/45
2071,46,I_kwDOQaqpuM8AAAABR4Wo4Q,I_kwDOVCZOp88AAAABWILZvA,https://github.com/Garblesnarff/infinite-realms-app/issues/46
2103,47,I_kwDOQaqpuM8AAAABSL4uYA,I_kwDOVCZOp88AAAABWILb0w,https://github.com/Garblesnarff/infinite-realms-app/issues/47
2113,48,I_kwDOQaqpuM8AAAABSO-dcQ,I_kwDOVCZOp88AAAABWILd6Q,https://github.com/Garblesnarff/infinite-realms-app/issues/48
2128,49,I_kwDOQaqpuM8AAAABSR21eA,I_kwDOVCZOp88AAAABWILgFw,https://github.com/Garblesnarff/infinite-realms-app/issues/49
2133,50,I_kwDOQaqpuM8AAAABSST_jg,I_kwDOVCZOp88AAAABWILiNQ,https://github.com/Garblesnarff/infinite-realms-app/issues/50
2134,51,I_kwDOQaqpuM8AAAABSSUCkA,I_kwDOVCZOp88AAAABWILkbA,https://github.com/Garblesnarff/infinite-realms-app/issues/51
2140,52,I_kwDOQaqpuM8AAAABSTBZFg,I_kwDOVCZOp88AAAABWILmnA,https://github.com/Garblesnarff/infinite-realms-app/issues/52
2143,53,I_kwDOQaqpuM8AAAABSTBhKg,I_kwDOVCZOp88AAAABWILotw,https://github.com/Garblesnarff/infinite-realms-app/issues/53
2145,54,I_kwDOQaqpuM8AAAABSd_VlQ,I_kwDOVCZOp88AAAABWILqxA,https://github.com/Garblesnarff/infinite-realms-app/issues/54
2146,55,I_kwDOQaqpuM8AAAABSd_WBw,I_kwDOVCZOp88AAAABWILtCw,https://github.com/Garblesnarff/infinite-realms-app/issues/55
2154,56,I_kwDOQaqpuM8AAAABSfASyQ,I_kwDOVCZOp88AAAABWILvVg,https://github.com/Garblesnarff/infinite-realms-app/issues/56
2159,57,I_kwDOQaqpuM8AAAABSpCdSA,I_kwDOVCZOp88AAAABWILxbw,https://github.com/Garblesnarff/infinite-realms-app/issues/57
2161,58,I_kwDOQaqpuM8AAAABSpCh3Q,I_kwDOVCZOp88AAAABWIL0NA,https://github.com/Garblesnarff/infinite-realms-app/issues/58
2163,59,I_kwDOQaqpuM8AAAABSpClZg,I_kwDOVCZOp88AAAABWIL3Gg,https://github.com/Garblesnarff/infinite-realms-app/issues/59
2164,60,I_kwDOQaqpuM8AAAABSpCnDg,I_kwDOVCZOp88AAAABWIL5CA,https://github.com/Garblesnarff/infinite-realms-app/issues/60
2165,61,I_kwDOQaqpuM8AAAABSpCoMA,I_kwDOVCZOp88AAAABWIL7Fw,https://github.com/Garblesnarff/infinite-realms-app/issues/61
2166,62,I_kwDOQaqpuM8AAAABSpCqLg,I_kwDOVCZOp88AAAABWIL9CQ,https://github.com/Garblesnarff/infinite-realms-app/issues/62
2167,63,I_kwDOQaqpuM8AAAABSpCrrg,I_kwDOVCZOp88AAAABWIL-8w,https://github.com/Garblesnarff/infinite-realms-app/issues/63
2168,64,I_kwDOQaqpuM8AAAABSpCtbA,I_kwDOVCZOp88AAAABWIMA7w,https://github.com/Garblesnarff/infinite-realms-app/issues/64
2169,65,I_kwDOQaqpuM8AAAABSpCvNw,I_kwDOVCZOp88AAAABWIMCwA,https://github.com/Garblesnarff/infinite-realms-app/issues/65
2170,66,I_kwDOQaqpuM8AAAABSpCwoQ,I_kwDOVCZOp88AAAABWIMEwg,https://github.com/Garblesnarff/infinite-realms-app/issues/66
2171,67,I_kwDOQaqpuM8AAAABSpCyIQ,I_kwDOVCZOp88AAAABWIMGxQ,https://github.com/Garblesnarff/infinite-realms-app/issues/67
2172,68,I_kwDOQaqpuM8AAAABSpC0CA,I_kwDOVCZOp88AAAABWIMIwQ,https://github.com/Garblesnarff/infinite-realms-app/issues/68
2173,69,I_kwDOQaqpuM8AAAABSpXK6w,I_kwDOVCZOp88AAAABWIMKmg,https://github.com/Garblesnarff/infinite-realms-app/issues/69
2185,70,I_kwDOQaqpuM8AAAABSrAUHw,I_kwDOVCZOp88AAAABWIMMdA,https://github.com/Garblesnarff/infinite-realms-app/issues/70
2187,71,I_kwDOQaqpuM8AAAABSxjwGg,I_kwDOVCZOp88AAAABWIMObw,https://github.com/Garblesnarff/infinite-realms-app/issues/71
2191,72,I_kwDOQaqpuM8AAAABS4PD8g,I_kwDOVCZOp88AAAABWIMQyQ,https://github.com/Garblesnarff/infinite-realms-app/issues/72
2198,73,I_kwDOQaqpuM8AAAABS42XlA,I_kwDOVCZOp88AAAABWIMTbA,https://github.com/Garblesnarff/infinite-realms-app/issues/73
2199,74,I_kwDOQaqpuM8AAAABS43cuA,I_kwDOVCZOp88AAAABWIMVWA,https://github.com/Garblesnarff/infinite-realms-app/issues/74
2203,75,I_kwDOQaqpuM8AAAABS49ZSA,I_kwDOVCZOp88AAAABWIMXSg,https://github.com/Garblesnarff/infinite-realms-app/issues/75
2204,76,I_kwDOQaqpuM8AAAABS5F9RA,I_kwDOVCZOp88AAAABWIMZQA,https://github.com/Garblesnarff/infinite-realms-app/issues/76
2206,77,I_kwDOQaqpuM8AAAABS5GJlg,I_kwDOVCZOp88AAAABWIMbVQ,https://github.com/Garblesnarff/infinite-realms-app/issues/77
2215,78,I_kwDOQaqpuM8AAAABS5ksig,I_kwDOVCZOp88AAAABWIMdFA,https://github.com/Garblesnarff/infinite-realms-app/issues/78
2225,79,I_kwDOQaqpuM8AAAABS-zl4g,I_kwDOVCZOp88AAAABWIMfCg,https://github.com/Garblesnarff/infinite-realms-app/issues/79
2226,80,I_kwDOQaqpuM8AAAABTAD_dA,I_kwDOVCZOp88AAAABWIMhFg,https://github.com/Garblesnarff/infinite-realms-app/issues/80
2248,81,I_kwDOQaqpuM8AAAABTHTqYA,I_kwDOVCZOp88AAAABWIMjFQ,https://github.com/Garblesnarff/infinite-realms-app/issues/81
2254,82,I_kwDOQaqpuM8AAAABTHwr5g,I_kwDOVCZOp88AAAABWIMlnA,https://github.com/Garblesnarff/infinite-realms-app/issues/82
2259,83,I_kwDOQaqpuM8AAAABTH-vXQ,I_kwDOVCZOp88AAAABWIMnuA,https://github.com/Garblesnarff/infinite-realms-app/issues/83
2260,84,I_kwDOQaqpuM8AAAABTH-5bg,I_kwDOVCZOp88AAAABWIMpnQ,https://github.com/Garblesnarff/infinite-realms-app/issues/84
2261,85,I_kwDOQaqpuM8AAAABTH_GdQ,I_kwDOVCZOp88AAAABWIMr2Q,https://github.com/Garblesnarff/infinite-realms-app/issues/85
2262,86,I_kwDOQaqpuM8AAAABTH_N6Q,I_kwDOVCZOp88AAAABWIMt0w,https://github.com/Garblesnarff/infinite-realms-app/issues/86
2263,87,I_kwDOQaqpuM8AAAABTH_amA,I_kwDOVCZOp88AAAABWIMvyA,https://github.com/Garblesnarff/infinite-realms-app/issues/87
2264,88,I_kwDOQaqpuM8AAAABTH_kuA,I_kwDOVCZOp88AAAABWIMx_A,https://github.com/Garblesnarff/infinite-realms-app/issues/88
2265,89,I_kwDOQaqpuM8AAAABTH_vyQ,I_kwDOVCZOp88AAAABWIM0Lw,https://github.com/Garblesnarff/infinite-realms-app/issues/89
2267,90,I_kwDOQaqpuM8AAAABTH_-gg,I_kwDOVCZOp88AAAABWIM2Jw,https://github.com/Garblesnarff/infinite-realms-app/issues/90
2268,91,I_kwDOQaqpuM8AAAABTIAGpA,I_kwDOVCZOp88AAAABWIM4Og,https://github.com/Garblesnarff/infinite-realms-app/issues/91
2273,92,I_kwDOQaqpuM8AAAABTMCsZg,I_kwDOVCZOp88AAAABWIM6MA,https://github.com/Garblesnarff/infinite-realms-app/issues/92
2274,93,I_kwDOQaqpuM8AAAABTOYP3w,I_kwDOVCZOp88AAAABWIM8eQ,https://github.com/Garblesnarff/infinite-realms-app/issues/93
2275,94,I_kwDOQaqpuM8AAAABTSdGVQ,I_kwDOVCZOp88AAAABWIM-yw,https://github.com/Garblesnarff/infinite-realms-app/issues/94
2276,95,I_kwDOQaqpuM8AAAABTSlpEw,I_kwDOVCZOp88AAAABWINA4g,https://github.com/Garblesnarff/infinite-realms-app/issues/95
2277,96,I_kwDOQaqpuM8AAAABTSniNw,I_kwDOVCZOp88AAAABWINC1A,https://github.com/Garblesnarff/infinite-realms-app/issues/96
2288,97,I_kwDOQaqpuM8AAAABTX0I4w,I_kwDOVCZOp88AAAABWINE1w,https://github.com/Garblesnarff/infinite-realms-app/issues/97
2307,98,I_kwDOQaqpuM8AAAABTgTixA,I_kwDOVCZOp88AAAABWING2g,https://github.com/Garblesnarff/infinite-realms-app/issues/98
2320,99,I_kwDOQaqpuM8AAAABTzVzWg,I_kwDOVCZOp88AAAABWINI8w,https://github.com/Garblesnarff/infinite-realms-app/issues/99
2323,100,I_kwDOQaqpuM8AAAABTzZWVw,I_kwDOVCZOp88AAAABWINLDQ,https://github.com/Garblesnarff/infinite-realms-app/issues/100
2325,101,I_kwDOQaqpuM8AAAABTzfviw,I_kwDOVCZOp88AAAABWINNQg,https://github.com/Garblesnarff/infinite-realms-app/issues/101
2330,102,I_kwDOQaqpuM8AAAABTzk5zQ,I_kwDOVCZOp88AAAABWINPOQ,https://github.com/Garblesnarff/infinite-realms-app/issues/102
2333,103,I_kwDOQaqpuM8AAAABTznFvg,I_kwDOVCZOp88AAAABWINRpw,https://github.com/Garblesnarff/infinite-realms-app/issues/103
2361,104,I_kwDOQaqpuM8AAAABT1Y1bA,I_kwDOVCZOp88AAAABWINTxA,https://github.com/Garblesnarff/infinite-realms-app/issues/104
2362,105,I_kwDOQaqpuM8AAAABT1ZKYA,I_kwDOVCZOp88AAAABWINV4Q,https://github.com/Garblesnarff/infinite-realms-app/issues/105
2363,106,I_kwDOQaqpuM8AAAABT1ZihA,I_kwDOVCZOp88AAAABWINYIA,https://github.com/Garblesnarff/infinite-realms-app/issues/106
2394,107,I_kwDOQaqpuM8AAAABUDnsfw,I_kwDOVCZOp88AAAABWINacA,https://github.com/Garblesnarff/infinite-realms-app/issues/107
2420,108,I_kwDOQaqpuM8AAAABURlaCw,I_kwDOVCZOp88AAAABWINcrw,https://github.com/Garblesnarff/infinite-realms-app/issues/108
2423,109,I_kwDOQaqpuM8AAAABURs7pw,I_kwDOVCZOp88AAAABWINe3g,https://github.com/Garblesnarff/infinite-realms-app/issues/109
2435,110,I_kwDOQaqpuM8AAAABUSFk4A,I_kwDOVCZOp88AAAABWINhTA,https://github.com/Garblesnarff/infinite-realms-app/issues/110
2439,111,I_kwDOQaqpuM8AAAABUSIpbw,I_kwDOVCZOp88AAAABWINkMQ,https://github.com/Garblesnarff/infinite-realms-app/issues/111
2450,112,I_kwDOQaqpuM8AAAABUbwPPA,I_kwDOVCZOp88AAAABWINm7A,https://github.com/Garblesnarff/infinite-realms-app/issues/112
2479,113,I_kwDOQaqpuM8AAAABUgDFDg,I_kwDOVCZOp88AAAABWINpRw,https://github.com/Garblesnarff/infinite-realms-app/issues/113
2480,114,I_kwDOQaqpuM8AAAABUgIMjA,I_kwDOVCZOp88AAAABWINrbg,https://github.com/Garblesnarff/infinite-realms-app/issues/114
2481,115,I_kwDOQaqpuM8AAAABUgIOew,I_kwDOVCZOp88AAAABWINtUA,https://github.com/Garblesnarff/infinite-realms-app/issues/115
2482,116,I_kwDOQaqpuM8AAAABUgIQCw,I_kwDOVCZOp88AAAABWINvTA,https://github.com/Garblesnarff/infinite-realms-app/issues/116
2485,117,I_kwDOQaqpuM8AAAABUgIUcA,I_kwDOVCZOp88AAAABWINxbg,https://github.com/Garblesnarff/infinite-realms-app/issues/117
2486,118,I_kwDOQaqpuM8AAAABUgIVkw,I_kwDOVCZOp88AAAABWINzWw,https://github.com/Garblesnarff/infinite-realms-app/issues/118
2492,119,I_kwDOQaqpuM8AAAABUgaUSw,I_kwDOVCZOp88AAAABWIN1hg,https://github.com/Garblesnarff/infinite-realms-app/issues/119
2494,120,I_kwDOQaqpuM8AAAABUhH-3g,I_kwDOVCZOp88AAAABWIN3ig,https://github.com/Garblesnarff/infinite-realms-app/issues/120
2496,121,I_kwDOQaqpuM8AAAABUhLzTA,I_kwDOVCZOp88AAAABWIN5xQ,https://github.com/Garblesnarff/infinite-realms-app/issues/121
2497,122,I_kwDOQaqpuM8AAAABUhVO2g,I_kwDOVCZOp88AAAABWIN7xA,https://github.com/Garblesnarff/infinite-realms-app/issues/122
2499,123,I_kwDOQaqpuM8AAAABUheJeA,I_kwDOVCZOp88AAAABWIN-NQ,https://github.com/Garblesnarff/infinite-realms-app/issues/123
2502,124,I_kwDOQaqpuM8AAAABUh4jgw,I_kwDOVCZOp88AAAABWIOAbA,https://github.com/Garblesnarff/infinite-realms-app/issues/124
2503,125,I_kwDOQaqpuM8AAAABUh6QQw,I_kwDOVCZOp88AAAABWIOC8w,https://github.com/Garblesnarff/infinite-realms-app/issues/125
2506,126,I_kwDOQaqpuM8AAAABUh-Lrg,I_kwDOVCZOp88AAAABWIOFFw,https://github.com/Garblesnarff/infinite-realms-app/issues/126
2508,127,I_kwDOQaqpuM8AAAABUiC-aQ,I_kwDOVCZOp88AAAABWIOHzQ,https://github.com/Garblesnarff/infinite-realms-app/issues/127
2510,128,I_kwDOQaqpuM8AAAABUmE9aA,I_kwDOVCZOp88AAAABWIOKHA,https://github.com/Garblesnarff/infinite-realms-app/issues/128
2511,129,I_kwDOQaqpuM8AAAABUmVLrQ,I_kwDOVCZOp88AAAABWIOMZw,https://github.com/Garblesnarff/infinite-realms-app/issues/129
2512,130,I_kwDOQaqpuM8AAAABUmnrgA,I_kwDOVCZOp88AAAABWIOOwQ,https://github.com/Garblesnarff/infinite-realms-app/issues/130
2513,131,I_kwDOQaqpuM8AAAABUmnzvw,I_kwDOVCZOp88AAAABWIORSw,https://github.com/Garblesnarff/infinite-realms-app/issues/131
2514,132,I_kwDOQaqpuM8AAAABUmn-Lw,I_kwDOVCZOp88AAAABWIOTug,https://github.com/Garblesnarff/infinite-realms-app/issues/132
2515,133,I_kwDOQaqpuM8AAAABUn2m4w,I_kwDOVCZOp88AAAABWIOViw,https://github.com/Garblesnarff/infinite-realms-app/issues/133
2516,134,I_kwDOQaqpuM8AAAABUoEjPg,I_kwDOVCZOp88AAAABWIOXmQ,https://github.com/Garblesnarff/infinite-realms-app/issues/134
2519,135,I_kwDOQaqpuM8AAAABUolM3w,I_kwDOVCZOp88AAAABWIOZyw,https://github.com/Garblesnarff/infinite-realms-app/issues/135
2520,136,I_kwDOQaqpuM8AAAABUo0AiA,I_kwDOVCZOp88AAAABWIOcpQ,https://github.com/Garblesnarff/infinite-realms-app/issues/136
2523,137,I_kwDOQaqpuM8AAAABUqnZDQ,I_kwDOVCZOp88AAAABWIOfGg,https://github.com/Garblesnarff/infinite-realms-app/issues/137
2524,138,I_kwDOQaqpuM8AAAABUt1AoA,I_kwDOVCZOp88AAAABWIOhag,https://github.com/Garblesnarff/infinite-realms-app/issues/138
2525,139,I_kwDOQaqpuM8AAAABUt1ENg,I_kwDOVCZOp88AAAABWIOj9w,https://github.com/Garblesnarff/infinite-realms-app/issues/139
2527,140,I_kwDOQaqpuM8AAAABUuZWsw,I_kwDOVCZOp88AAAABWIOl_w,https://github.com/Garblesnarff/infinite-realms-app/issues/140
2530,141,I_kwDOQaqpuM8AAAABUuilmA,I_kwDOVCZOp88AAAABWIOoNg,https://github.com/Garblesnarff/infinite-realms-app/issues/141
2533,142,I_kwDOQaqpuM8AAAABUui0OQ,I_kwDOVCZOp88AAAABWIOqkw,https://github.com/Garblesnarff/infinite-realms-app/issues/142
2534,143,I_kwDOQaqpuM8AAAABUui5FA,I_kwDOVCZOp88AAAABWIOs_w,https://github.com/Garblesnarff/infinite-realms-app/issues/143
2536,144,I_kwDOQaqpuM8AAAABUup7Ng,I_kwDOVCZOp88AAAABWIOvFg,https://github.com/Garblesnarff/infinite-realms-app/issues/144
2542,145,I_kwDOQaqpuM8AAAABUu0--g,I_kwDOVCZOp88AAAABWIOxKQ,https://github.com/Garblesnarff/infinite-realms-app/issues/145
2546,146,I_kwDOQaqpuM8AAAABUva6Pw,I_kwDOVCZOp88AAAABWIOzUQ,https://github.com/Garblesnarff/infinite-realms-app/issues/146
2551,147,I_kwDOQaqpuM8AAAABUzva4g,I_kwDOVCZOp88AAAABWIO1sQ,https://github.com/Garblesnarff/infinite-realms-app/issues/147
2553,148,I_kwDOQaqpuM8AAAABU1DFFg,I_kwDOVCZOp88AAAABWIO31w,https://github.com/Garblesnarff/infinite-realms-app/issues/148
2554,149,I_kwDOQaqpuM8AAAABU1KU7Q,I_kwDOVCZOp88AAAABWIO6Rg,https://github.com/Garblesnarff/infinite-realms-app/issues/149
2557,150,I_kwDOQaqpuM8AAAABU3Vkhg,I_kwDOVCZOp88AAAABWIO8xQ,https://github.com/Garblesnarff/infinite-realms-app/issues/150
2561,151,I_kwDOQaqpuM8AAAABU37wTg,I_kwDOVCZOp88AAAABWIO_CQ,https://github.com/Garblesnarff/infinite-realms-app/issues/151
2563,152,I_kwDOQaqpuM8AAAABU4IKRg,I_kwDOVCZOp88AAAABWIPBgg,https://github.com/Garblesnarff/infinite-realms-app/issues/152
2564,153,I_kwDOQaqpuM8AAAABU4ITCA,I_kwDOVCZOp88AAAABWIPD1g,https://github.com/Garblesnarff/infinite-realms-app/issues/153
2569,154,I_kwDOQaqpuM8AAAABU4XkaA,I_kwDOVCZOp88AAAABWIPGJg,https://github.com/Garblesnarff/infinite-realms-app/issues/154
2571,155,I_kwDOQaqpuM8AAAABU4XmCA,I_kwDOVCZOp88AAAABWIPIhw,https://github.com/Garblesnarff/infinite-realms-app/issues/155
2572,156,I_kwDOQaqpuM8AAAABU4Xm8A,I_kwDOVCZOp88AAAABWIPKpQ,https://github.com/Garblesnarff/infinite-realms-app/issues/156
2573,157,I_kwDOQaqpuM8AAAABU4Xnwg,I_kwDOVCZOp88AAAABWIPMgQ,https://github.com/Garblesnarff/infinite-realms-app/issues/157
2574,158,I_kwDOQaqpuM8AAAABU4XoPg,I_kwDOVCZOp88AAAABWIPOvA,https://github.com/Garblesnarff/infinite-realms-app/issues/158
2575,159,I_kwDOQaqpuM8AAAABU4Xo3Q,I_kwDOVCZOp88AAAABWIPQwg,https://github.com/Garblesnarff/infinite-realms-app/issues/159
2576,160,I_kwDOQaqpuM8AAAABU4Xpcw,I_kwDOVCZOp88AAAABWIPSsQ,https://github.com/Garblesnarff/infinite-realms-app/issues/160
2580,161,I_kwDOQaqpuM8AAAABU47IRA,I_kwDOVCZOp88AAAABWIPUuA,https://github.com/Garblesnarff/infinite-realms-app/issues/161
2583,162,I_kwDOQaqpuM8AAAABU8N5EA,I_kwDOVCZOp88AAAABWIPW7w,https://github.com/Garblesnarff/infinite-realms-app/issues/162
2584,163,I_kwDOQaqpuM8AAAABU8SFJw,I_kwDOVCZOp88AAAABWIPZJQ,https://github.com/Garblesnarff/infinite-realms-app/issues/163
2586,164,I_kwDOQaqpuM8AAAABU9Jphw,I_kwDOVCZOp88AAAABWIPbWg,https://github.com/Garblesnarff/infinite-realms-app/issues/164
2588,165,I_kwDOQaqpuM8AAAABU9J2gg,I_kwDOVCZOp88AAAABWIPdlA,https://github.com/Garblesnarff/infinite-realms-app/issues/165
2592,166,I_kwDOQaqpuM8AAAABU-NvwQ,I_kwDOVCZOp88AAAABWIPfuQ,https://github.com/Garblesnarff/infinite-realms-app/issues/166
2595,167,I_kwDOQaqpuM8AAAABVBCQQg,I_kwDOVCZOp88AAAABWIPibA,https://github.com/Garblesnarff/infinite-realms-app/issues/167
2597,168,I_kwDOQaqpuM8AAAABVBCmMg,I_kwDOVCZOp88AAAABWIPklw,https://github.com/Garblesnarff/infinite-realms-app/issues/168
2599,169,I_kwDOQaqpuM8AAAABVBCnng,I_kwDOVCZOp88AAAABWIPnBA,https://github.com/Garblesnarff/infinite-realms-app/issues/169
2600,170,I_kwDOQaqpuM8AAAABVBCoSQ,I_kwDOVCZOp88AAAABWIPo9A,https://github.com/Garblesnarff/infinite-realms-app/issues/170
2601,171,I_kwDOQaqpuM8AAAABVBCo9A,I_kwDOVCZOp88AAAABWIPrAw,https://github.com/Garblesnarff/infinite-realms-app/issues/171
2602,172,I_kwDOQaqpuM8AAAABVBILKA,I_kwDOVCZOp88AAAABWIPs6g,https://github.com/Garblesnarff/infinite-realms-app/issues/172
2608,173,I_kwDOQaqpuM8AAAABVBnzHA,I_kwDOVCZOp88AAAABWIPvaw,https://github.com/Garblesnarff/infinite-realms-app/issues/173
2609,174,I_kwDOQaqpuM8AAAABVB64pQ,I_kwDOVCZOp88AAAABWIPx0Q,https://github.com/Garblesnarff/infinite-realms-app/issues/174
2614,175,I_kwDOQaqpuM8AAAABVL2jqg,I_kwDOVCZOp88AAAABWIPz7A,https://github.com/Garblesnarff/infinite-realms-app/issues/175
2619,176,I_kwDOQaqpuM8AAAABVP4UEQ,I_kwDOVCZOp88AAAABWIP2Og,https://github.com/Garblesnarff/infinite-realms-app/issues/176
2621,177,I_kwDOQaqpuM8AAAABVQobxw,I_kwDOVCZOp88AAAABWIP4qw,https://github.com/Garblesnarff/infinite-realms-app/issues/177
2622,178,I_kwDOQaqpuM8AAAABVQq0ag,I_kwDOVCZOp88AAAABWIP7Sg,https://github.com/Garblesnarff/infinite-realms-app/issues/178
2623,179,I_kwDOQaqpuM8AAAABVQq3Pw,I_kwDOVCZOp88AAAABWIP9Og,https://github.com/Garblesnarff/infinite-realms-app/issues/179
2636,180,I_kwDOQaqpuM8AAAABVbCtwQ,I_kwDOVCZOp88AAAABWIP-9A,https://github.com/Garblesnarff/infinite-realms-app/issues/180
2639,181,I_kwDOQaqpuM8AAAABVfNtTw,I_kwDOVCZOp88AAAABWIQAzA,https://github.com/Garblesnarff/infinite-realms-app/issues/181
2644,182,I_kwDOQaqpuM8AAAABVgtafw,I_kwDOVCZOp88AAAABWIQCtA,https://github.com/Garblesnarff/infinite-realms-app/issues/182
2653,183,I_kwDOQaqpuM8AAAABVhKFWA,I_kwDOVCZOp88AAAABWIQEqw,https://github.com/Garblesnarff/infinite-realms-app/issues/183
2656,184,I_kwDOQaqpuM8AAAABVhlyCg,I_kwDOVCZOp88AAAABWIQGzg,https://github.com/Garblesnarff/infinite-realms-app/issues/184
2658,185,I_kwDOQaqpuM8AAAABVhseGA,I_kwDOVCZOp88AAAABWIQJXg,https://github.com/Garblesnarff/infinite-realms-app/issues/185
2659,186,I_kwDOQaqpuM8AAAABVhsy5Q,I_kwDOVCZOp88AAAABWIQLcA,https://github.com/Garblesnarff/infinite-realms-app/issues/186
2662,187,I_kwDOQaqpuM8AAAABVh_zIw,I_kwDOVCZOp88AAAABWIQNnA,https://github.com/Garblesnarff/infinite-realms-app/issues/187
2663,188,I_kwDOQaqpuM8AAAABVifENA,I_kwDOVCZOp88AAAABWIQP1Q,https://github.com/Garblesnarff/infinite-realms-app/issues/188
2664,189,I_kwDOQaqpuM8AAAABVl2mbw,I_kwDOVCZOp88AAAABWIQSLQ,https://github.com/Garblesnarff/infinite-realms-app/issues/189
2668,190,I_kwDOQaqpuM8AAAABVoaIhQ,I_kwDOVCZOp88AAAABWIQUXg,https://github.com/Garblesnarff/infinite-realms-app/issues/190
2669,191,I_kwDOQaqpuM8AAAABVoahgQ,I_kwDOVCZOp88AAAABWIQWfQ,https://github.com/Garblesnarff/infinite-realms-app/issues/191
2670,192,I_kwDOQaqpuM8AAAABVqsh4A,I_kwDOVCZOp88AAAABWIQYuQ,https://github.com/Garblesnarff/infinite-realms-app/issues/192
2673,193,I_kwDOQaqpuM8AAAABVuSTiw,I_kwDOVCZOp88AAAABWIQbGw,https://github.com/Garblesnarff/infinite-realms-app/issues/193
2674,194,I_kwDOQaqpuM8AAAABVuSfbQ,I_kwDOVCZOp88AAAABWIQdQQ,https://github.com/Garblesnarff/infinite-realms-app/issues/194
2675,195,I_kwDOQaqpuM8AAAABVuSpcw,I_kwDOVCZOp88AAAABWIQfjw,https://github.com/Garblesnarff/infinite-realms-app/issues/195
2676,196,I_kwDOQaqpuM8AAAABVwCayQ,I_kwDOVCZOp88AAAABWIQhwg,https://github.com/Garblesnarff/infinite-realms-app/issues/196
2677,197,I_kwDOQaqpuM8AAAABVwCh0w,I_kwDOVCZOp88AAAABWIQj4A,https://github.com/Garblesnarff/infinite-realms-app/issues/197
2684,198,I_kwDOQaqpuM8AAAABVwmObw,I_kwDOVCZOp88AAAABWIQmYQ,https://github.com/Garblesnarff/infinite-realms-app/issues/198
2685,199,I_kwDOQaqpuM8AAAABVwmveA,I_kwDOVCZOp88AAAABWIQokw,https://github.com/Garblesnarff/infinite-realms-app/issues/199
2686,200,I_kwDOQaqpuM8AAAABVwm3CQ,I_kwDOVCZOp88AAAABWIQrtg,https://github.com/Garblesnarff/infinite-realms-app/issues/200
2699,201,I_kwDOQaqpuM8AAAABV2gljw,I_kwDOVCZOp88AAAABWIQufQ,https://github.com/Garblesnarff/infinite-realms-app/issues/201
2701,202,I_kwDOQaqpuM8AAAABV6Rj9Q,I_kwDOVCZOp88AAAABWIQxiw,https://github.com/Garblesnarff/infinite-realms-app/issues/202
2702,203,I_kwDOQaqpuM8AAAABV6RlBQ,I_kwDOVCZOp88AAAABWIQzlw,https://github.com/Garblesnarff/infinite-realms-app/issues/203
2703,204,I_kwDOQaqpuM8AAAABV6Rl-A,I_kwDOVCZOp88AAAABWIQ1xA,https://github.com/Garblesnarff/infinite-realms-app/issues/204
2704,205,I_kwDOQaqpuM8AAAABV6RmxQ,I_kwDOVCZOp88AAAABWIQ4Mw,https://github.com/Garblesnarff/infinite-realms-app/issues/205
2705,206,I_kwDOQaqpuM8AAAABV6Rnfg,I_kwDOVCZOp88AAAABWIQ6DA,https://github.com/Garblesnarff/infinite-realms-app/issues/206
2706,207,I_kwDOQaqpuM8AAAABV6RoNw,I_kwDOVCZOp88AAAABWIQ8LA,https://github.com/Garblesnarff/infinite-realms-app/issues/207
2707,208,I_kwDOQaqpuM8AAAABV6RpAA,I_kwDOVCZOp88AAAABWIRAIw,https://github.com/Garblesnarff/infinite-realms-app/issues/208
2708,209,I_kwDOQaqpuM8AAAABV6Rp3w,I_kwDOVCZOp88AAAABWIRDPQ,https://github.com/Garblesnarff/infinite-realms-app/issues/209
2709,210,I_kwDOQaqpuM8AAAABV6Rq-g,I_kwDOVCZOp88AAAABWIRGPA,https://github.com/Garblesnarff/infinite-realms-app/issues/210
2710,211,I_kwDOQaqpuM8AAAABV69JOQ,I_kwDOVCZOp88AAAABWIRILw,https://github.com/Garblesnarff/infinite-realms-app/issues/211
2711,212,I_kwDOQaqpuM8AAAABV69OZA,I_kwDOVCZOp88AAAABWIRKQg,https://github.com/Garblesnarff/infinite-realms-app/issues/212
2712,213,I_kwDOQaqpuM8AAAABV69VMw,I_kwDOVCZOp88AAAABWIRNIQ,https://github.com/Garblesnarff/infinite-realms-app/issues/213
2713,214,I_kwDOQaqpuM8AAAABV69cBg,I_kwDOVCZOp88AAAABWIRPJg,https://github.com/Garblesnarff/infinite-realms-app/issues/214
2714,215,I_kwDOQaqpuM8AAAABV7GjqQ,I_kwDOVCZOp88AAAABWIRRjQ,https://github.com/Garblesnarff/infinite-realms-app/issues/215
2717,216,I_kwDOQaqpuM8AAAABV-CGXw,I_kwDOVCZOp88AAAABWIRT6g,https://github.com/Garblesnarff/infinite-realms-app/issues/216
2718,217,I_kwDOQaqpuM8AAAABV-CLkw,I_kwDOVCZOp88AAAABWIRWVA,https://github.com/Garblesnarff/infinite-realms-app/issues/217
2719,218,I_kwDOQaqpuM8AAAABV-CQXQ,I_kwDOVCZOp88AAAABWIRYYA,https://github.com/Garblesnarff/infinite-realms-app/issues/218
2720,219,I_kwDOQaqpuM8AAAABV-CUHA,I_kwDOVCZOp88AAAABWIRa9g,https://github.com/Garblesnarff/infinite-realms-app/issues/219
2723,220,I_kwDOQaqpuM8AAAABWAEeKQ,I_kwDOVCZOp88AAAABWIRdJA,https://github.com/Garblesnarff/infinite-realms-app/issues/220
2724,221,I_kwDOQaqpuM8AAAABWALF4A,I_kwDOVCZOp88AAAABWIRfXg,https://github.com/Garblesnarff/infinite-realms-app/issues/221
2736,222,I_kwDOQaqpuM8AAAABWAuc1g,I_kwDOVCZOp88AAAABWIRh8Q,https://github.com/Garblesnarff/infinite-realms-app/issues/222
2748,223,I_kwDOQaqpuM8AAAABWGBzow,I_kwDOVCZOp88AAAABWIRkXw,https://github.com/Garblesnarff/infinite-realms-app/issues/223
2749,224,I_kwDOQaqpuM8AAAABWGB4Kw,I_kwDOVCZOp88AAAABWIRmzQ,https://github.com/Garblesnarff/infinite-realms-app/issues/224
2750,225,I_kwDOQaqpuM8AAAABWGB8nw,I_kwDOVCZOp88AAAABWIRpdw,https://github.com/Garblesnarff/infinite-realms-app/issues/225
2751,226,I_kwDOQaqpuM8AAAABWGCAEQ,I_kwDOVCZOp88AAAABWIRrvA,https://github.com/Garblesnarff/infinite-realms-app/issues/226
2752,227,I_kwDOQaqpuM8AAAABWGCEQg,I_kwDOVCZOp88AAAABWIRtxg,https://github.com/Garblesnarff/infinite-realms-app/issues/227
2753,228,I_kwDOQaqpuM8AAAABWGCJcA,I_kwDOVCZOp88AAAABWIRvsA,https://github.com/Garblesnarff/infinite-realms-app/issues/228
